{"result":{"result":[{"financialYear":"2020-21","eFiledlist":[{"valid":"Y","isDelay":false,"dueDt":"2021-02-20","mof":"ONLINE","delayDays":0,"dof":"19-02-2021","rtntype":"GSTR3B","retPrd":"012021","arn":"AA070121525592L","status":"Filed"},{"valid":"Y","isDelay":false,"dueDt":"2021-02-11","mof":"ONLINE","delayDays":0,"dof":"11-02-2021","rtntype":"GSTR1","retPrd":"012021","arn":"AA070121346053U","status":"Filed"},{"valid":"Y","isDelay":false,"dueDt":"2021-03-20","mof":"ONLINE","delayDays":0,"dof":"20-03-2021","rtntype":"GSTR3B","retPrd":"022021","arn":"AA070221632324Q","status":"Filed"},{"valid":"Y","isDelay":false,"dueDt":"2021-03-11","mof":"ONLINE","delayDays":0,"dof":"10-03-2021","rtntype":"GSTR1","retPrd":"022021","arn":"AA070221285653A","status":"Filed"},{"isDelay":null,"dueDt":null,"mof":"ONLINE","delayDays":null,"dof":"25-02-2022","rtntype":"GSTR9","retPrd":"032021","arn":"AB070321624248E","status":"Filed"},{"isDelay":null,"dueDt":null,"mof":"ONLINE","delayDays":null,"dof":"25-02-2022","rtntype":"GSTR9C","retPrd":"032021","arn":"AB070321632083O","status":"Filed"},{"valid":"Y","isDelay":false,"dueDt":"2021-04-20","mof":"ONLINE","delayDays":0,"dof":"20-04-2021","rtntype":"GSTR3B","retPrd":"032021","arn":"AA070321976303D","status":"Filed"},{"valid":"Y","isDelay":false,"dueDt":"2021-04-11","mof":"ONLINE","delayDays":0,"dof":"09-04-2021","rtntype":"GSTR1","retPrd":"032021","arn":"AA070321309441S","status":"Filed"}],"filingFrequency":[{"startPeriod":"042020","endPeriod":"062020","frequency":"Monthly","quarter":"Q1"},{"startPeriod":"072020","endPeriod":"092020","frequency":"Monthly","quarter":"Q2"},{"startPeriod":"102020","endPeriod":"122020","frequency":"Monthly","quarter":"Q3"},{"startPeriod":"012021","endPeriod":"032021","frequency":"Monthly","quarter":"Q4"}]},{"financialYear":"2021-22","eFiledlist":[{"valid":"Y","isDelay":false,"dueDt":"2021-05-26","mof":"ONLINE","delayDays":0,"dof":"24-05-2021","rtntype":"GSTR1","retPrd":"042021","arn":"AA070421320109P","status":"Filed"},{"valid":"Y","isDelay":true,"dueDt":"2021-05-20","mof":"ONLINE","delayDays":4,"dof":"24-05-2021","rtntype":"GSTR3B","retPrd":"042021","arn":"AA070421305606K","status":"Filed"},{"valid":"Y","isDelay":false,"dueDt":"2021-06-20","mof":"ONLINE","delayDays":0,"dof":"19-06-2021","rtntype":"GSTR3B","retPrd":"052021","arn":"AA070521260022U","status":"Filed"},{"valid":"Y","isDelay":false,"dueDt":"2021-06-26","mof":"ONLINE","delayDays":0,"dof":"11-06-2021","rtntype":"GSTR1","retPrd":"052021","arn":"AA070521139337B","status":"Filed"},{"valid":"Y","isDelay":false,"dueDt":"2021-07-20","mof":"ONLINE","delayDays":0,"dof":"20-07-2021","rtntype":"GSTR3B","retPrd":"062021","arn":"AA070621846253B","status":"Filed"},{"valid":"Y","isDelay":false,"dueDt":"2021-07-11","mof":"ONLINE","delayDays":0,"dof":"10-07-2021","rtntype":"GSTR1","retPrd":"062021","arn":"AA0706212744571","status":"Filed"},{"valid":"Y","isDelay":false,"dueDt":"2021-08-20","mof":"ONLINE","delayDays":0,"dof":"19-08-2021","rtntype":"GSTR3B","retPrd":"072021","arn":"AA0707216637613","status":"Filed"},{"valid":"Y","isDelay":false,"dueDt":"2021-08-11","mof":"ONLINE","delayDays":0,"dof":"11-08-2021","rtntype":"GSTR1","retPrd":"072021","arn":"AA070721343374B","status":"Filed"},{"valid":"Y","isDelay":false,"dueDt":"2021-09-20","mof":"ONLINE","delayDays":0,"dof":"18-09-2021","rtntype":"GSTR3B","retPrd":"082021","arn":"AA070821703650H","status":"Filed"},{"valid":"Y","isDelay":false,"dueDt":"2021-09-11","mof":"ONLINE","delayDays":0,"dof":"09-09-2021","rtntype":"GSTR1","retPrd":"082021","arn":"AA0708212721773","status":"Filed"},{"valid":"Y","isDelay":false,"dueDt":"2021-10-20","mof":"ONLINE","delayDays":0,"dof":"19-10-2021","rtntype":"GSTR3B","retPrd":"092021","arn":"AB070921051225D","status":"Filed"},{"valid":"Y","isDelay":false,"dueDt":"2021-10-11","mof":"ONLINE","delayDays":0,"dof":"11-10-2021","rtntype":"GSTR1","retPrd":"092021","arn":"AA0709215510973","status":"Filed"},{"valid":"Y","isDelay":false,"dueDt":"2021-11-20","mof":"ONLINE","delayDays":0,"dof":"18-11-2021","rtntype":"GSTR3B","retPrd":"102021","arn":"AA071021681244K","status":"Filed"},{"valid":"Y","isDelay":false,"dueDt":"2021-11-11","mof":"ONLINE","delayDays":0,"dof":"10-11-2021","rtntype":"GSTR1","retPrd":"102021","arn":"AA071021322029U","status":"Filed"},{"valid":"Y","isDelay":false,"dueDt":"2021-12-20","mof":"ONLINE","delayDays":0,"dof":"20-12-2021","rtntype":"GSTR3B","retPrd":"112021","arn":"AA071121715650Q","status":"Filed"},{"valid":"Y","isDelay":false,"dueDt":"2021-12-11","mof":"ONLINE","delayDays":0,"dof":"11-12-2021","rtntype":"GSTR1","retPrd":"112021","arn":"AA0711212974656","status":"Filed"},{"valid":"Y","isDelay":false,"dueDt":"2022-01-20","mof":"ONLINE","delayDays":0,"dof":"20-01-2022","rtntype":"GSTR3B","retPrd":"122021","arn":"AB0712210799135","status":"Filed"},{"valid":"Y","isDelay":false,"dueDt":"2022-01-11","mof":"ONLINE","delayDays":0,"dof":"11-01-2022","rtntype":"GSTR1","retPrd":"122021","arn":"AA0712214915276","status":"Filed"},{"valid":"Y","isDelay":false,"dueDt":"2022-02-20","mof":"ONLINE","delayDays":0,"dof":"20-02-2022","rtntype":"GSTR3B","retPrd":"012022","arn":"AA070122809642J","status":"Filed"},{"valid":"Y","isDelay":false,"dueDt":"2022-02-11","mof":"ONLINE","delayDays":0,"dof":"11-02-2022","rtntype":"GSTR1","retPrd":"012022","arn":"AA070122359771B","status":"Filed"},{"valid":"Y","isDelay":false,"dueDt":"2022-03-20","mof":"ONLINE","delayDays":0,"dof":"19-03-2022","rtntype":"GSTR3B","retPrd":"022022","arn":"AA070222712217O","status":"Filed"},{"valid":"Y","isDelay":false,"dueDt":"2022-03-11","mof":"ONLINE","delayDays":0,"dof":"11-03-2022","rtntype":"GSTR1","retPrd":"022022","arn":"AA0702224288838","status":"Filed"},{"isDelay":null,"dueDt":null,"mof":"ONLINE","delayDays":null,"dof":"31-12-2022","rtntype":"GSTR9","retPrd":"032022","arn":"AB070322722929Z","status":"Filed"},{"isDelay":null,"dueDt":null,"mof":"ONLINE","delayDays":null,"dof":"31-12-2022","rtntype":"GSTR9C","retPrd":"032022","arn":"AB070322723133P","status":"Filed"},{"valid":"Y","isDelay":false,"dueDt":"2022-04-20","mof":"ONLINE","delayDays":0,"dof":"20-04-2022","rtntype":"GSTR3B","retPrd":"032022","arn":"AB070322069988N","status":"Filed"},{"valid":"Y","isDelay":false,"dueDt":"2022-04-11","mof":"ONLINE","delayDays":0,"dof":"11-04-2022","rtntype":"GSTR1","retPrd":"032022","arn":"AA070322521462O","status":"Filed"}],"filingFrequency":[{"startPeriod":"042021","endPeriod":"062021","frequency":"Monthly","quarter":"Q1"},{"startPeriod":"072021","endPeriod":"092021","frequency":"Monthly","quarter":"Q2"},{"startPeriod":"102021","endPeriod":"122021","frequency":"Monthly","quarter":"Q3"},{"startPeriod":"012022","endPeriod":"032022","frequency":"Monthly","quarter":"Q4"}]},{"financialYear":"2022-23","eFiledlist":[{"valid":"Y","isDelay":false,"dueDt":"2022-05-24","mof":"ONLINE","delayDays":0,"dof":"24-05-2022","rtntype":"GSTR3B","retPrd":"042022","arn":"AA070422798089R","status":"Filed"},{"valid":"Y","isDelay":false,"dueDt":"2022-05-11","mof":"ONLINE","delayDays":0,"dof":"11-05-2022","rtntype":"GSTR1","retPrd":"042022","arn":"AA0704224695922","status":"Filed"},{"valid":"Y","isDelay":false,"dueDt":"2022-06-20","mof":"ONLINE","delayDays":0,"dof":"20-06-2022","rtntype":"GSTR3B","retPrd":"052022","arn":"AA070522694725U","status":"Filed"},{"valid":"Y","isDelay":false,"dueDt":"2022-06-11","mof":"ONLINE","delayDays":0,"dof":"10-06-2022","rtntype":"GSTR1","retPrd":"052022","arn":"AA070522370846Z","status":"Filed"},{"valid":"Y","isDelay":false,"dueDt":"2022-07-20","mof":"ONLINE","delayDays":0,"dof":"20-07-2022","rtntype":"GSTR3B","retPrd":"062022","arn":"AB070622119820E","status":"Filed"},{"valid":"Y","isDelay":false,"dueDt":"2022-07-11","mof":"ONLINE","delayDays":0,"dof":"11-07-2022","rtntype":"GSTR1","retPrd":"062022","arn":"AA0706225239626","status":"Filed"},{"valid":"Y","isDelay":false,"dueDt":"2022-08-20","mof":"ONLINE","delayDays":0,"dof":"19-08-2022","rtntype":"GSTR3B","retPrd":"072022","arn":"AA0707227745025","status":"Filed"},{"valid":"Y","isDelay":false,"dueDt":"2022-08-11","mof":"ONLINE","delayDays":0,"dof":"11-08-2022","rtntype":"GSTR1","retPrd":"072022","arn":"AA0707224674152","status":"Filed"},{"valid":"Y","isDelay":false,"dueDt":"2022-09-20","mof":"ONLINE","delayDays":0,"dof":"20-09-2022","rtntype":"GSTR3B","retPrd":"082022","arn":"AA070822764497O","status":"Filed"},{"valid":"Y","isDelay":false,"dueDt":"2022-09-11","mof":"ONLINE","delayDays":0,"dof":"10-09-2022","rtntype":"GSTR1","retPrd":"082022","arn":"AA070822321184G","status":"Filed"},{"valid":"Y","isDelay":false,"dueDt":"2022-10-20","mof":"ONLINE","delayDays":0,"dof":"19-10-2022","rtntype":"GSTR3B","retPrd":"092022","arn":"AB0709220960434","status":"Filed"},{"valid":"Y","isDelay":false,"dueDt":"2022-10-11","mof":"ONLINE","delayDays":0,"dof":"11-10-2022","rtntype":"GSTR1","retPrd":"092022","arn":"AA070922539198T","status":"Filed"},{"valid":"Y","isDelay":false,"dueDt":"2022-11-20","mof":"ONLINE","delayDays":0,"dof":"18-11-2022","rtntype":"GSTR3B","retPrd":"102022","arn":"AA071022754313N","status":"Filed"},{"valid":"Y","isDelay":false,"dueDt":"2022-11-11","mof":"ONLINE","delayDays":0,"dof":"10-11-2022","rtntype":"GSTR1","retPrd":"102022","arn":"AA071022367861B","status":"Filed"},{"valid":"Y","isDelay":false,"dueDt":"2022-12-20","mof":"ONLINE","delayDays":0,"dof":"20-12-2022","rtntype":"GSTR3B","retPrd":"112022","arn":"AA071122842853A","status":"Filed"},{"valid":"Y","isDelay":false,"dueDt":"2022-12-11","mof":"ONLINE","delayDays":0,"dof":"10-12-2022","rtntype":"GSTR1","retPrd":"112022","arn":"AA0711223856257","status":"Filed"},{"valid":"Y","isDelay":false,"dueDt":"2023-01-20","mof":"ONLINE","delayDays":0,"dof":"20-01-2023","rtntype":"GSTR3B","retPrd":"122022","arn":"AB071222189468V","status":"Filed"},{"valid":"Y","isDelay":false,"dueDt":"2023-01-11","mof":"ONLINE","delayDays":0,"dof":"11-01-2023","rtntype":"GSTR1","retPrd":"122022","arn":"AA0712225505769","status":"Filed"},{"valid":"Y","isDelay":false,"dueDt":"2023-02-20","mof":"ONLINE","delayDays":0,"dof":"20-02-2023","rtntype":"GSTR3B","retPrd":"012023","arn":"AA070123940001Z","status":"Filed"},{"valid":"Y","isDelay":false,"dueDt":"2023-02-11","mof":"ONLINE","delayDays":0,"dof":"10-02-2023","rtntype":"GSTR1","retPrd":"012023","arn":"AA070123445462J","status":"Filed"},{"valid":"Y","isDelay":false,"dueDt":"2023-03-20","mof":"ONLINE","delayDays":0,"dof":"20-03-2023","rtntype":"GSTR3B","retPrd":"022023","arn":"AA0702238991047","status":"Filed"},{"valid":"Y","isDelay":false,"dueDt":"2023-03-11","mof":"ONLINE","delayDays":0,"dof":"10-03-2023","rtntype":"GSTR1","retPrd":"022023","arn":"AA070223345880C","status":"Filed"},{"valid":"Y","isDelay":false,"dueDt":"2023-04-20","mof":"ONLINE","delayDays":0,"dof":"20-04-2023","rtntype":"GSTR3B","retPrd":"032023","arn":"AB070323118202T","status":"Filed"},{"valid":"Y","isDelay":false,"dueDt":"2023-04-11","mof":"ONLINE","delayDays":0,"dof":"11-04-2023","rtntype":"GSTR1","retPrd":"032023","arn":"AA070323489686P","status":"Filed"}],"filingFrequency":[{"startPeriod":"042022","endPeriod":"062022","frequency":"Monthly","quarter":"Q1"},{"startPeriod":"072022","endPeriod":"092022","frequency":"Monthly","quarter":"Q2"},{"startPeriod":"102022","endPeriod":"122022","frequency":"Monthly","quarter":"Q3"},{"startPeriod":"012023","endPeriod":"032023","frequency":"Monthly","quarter":"Q4"}]},{"financialYear":"2023-24","eFiledlist":[{"valid":"Y","isDelay":false,"dueDt":"2023-05-20","mof":"ONLINE","delayDays":0,"dof":"19-05-2023","rtntype":"GSTR3B","retPrd":"042023","arn":"AA0704238314691","status":"Filed"},{"valid":"Y","isDelay":false,"dueDt":"2023-05-11","mof":"ONLINE","delayDays":0,"dof":"11-05-2023","rtntype":"GSTR1","retPrd":"042023","arn":"AA070423482916V","status":"Filed"},{"valid":"Y","isDelay":false,"dueDt":"2023-06-20","mof":"ONLINE","delayDays":0,"dof":"20-06-2023","rtntype":"GSTR3B","retPrd":"052023","arn":"AA070523936546Z","status":"Filed"},{"valid":"Y","isDelay":false,"dueDt":"2023-06-11","mof":"ONLINE","delayDays":0,"dof":"09-06-2023","rtntype":"GSTR1","retPrd":"052023","arn":"AA0705233533195","status":"Filed"},{"valid":"Y","isDelay":false,"dueDt":"2023-07-20","mof":"ONLINE","delayDays":0,"dof":"20-07-2023","rtntype":"GSTR3B","retPrd":"062023","arn":"AB070623193857L","status":"Filed"},{"valid":"Y","isDelay":false,"dueDt":"2023-07-11","mof":"ONLINE","delayDays":0,"dof":"11-07-2023","rtntype":"GSTR1","retPrd":"062023","arn":"AA070623489459K","status":"Filed"},{"valid":"Y","isDelay":false,"dueDt":"2023-08-20","mof":"ONLINE","delayDays":0,"dof":"18-08-2023","rtntype":"GSTR3B","retPrd":"072023","arn":"AA070723769676J","status":"Filed"},{"valid":"Y","isDelay":false,"dueDt":"2023-08-11","mof":"ONLINE","delayDays":0,"dof":"10-08-2023","rtntype":"GSTR1","retPrd":"072023","arn":"AA070723368993M","status":"Filed"},{"valid":"Y","isDelay":false,"dueDt":"2023-09-20","mof":"ONLINE","delayDays":0,"dof":"20-09-2023","rtntype":"GSTR3B","retPrd":"082023","arn":"AA070823864394T","status":"Filed"},{"valid":"Y","isDelay":false,"dueDt":"2023-09-11","mof":"ONLINE","delayDays":0,"dof":"11-09-2023","rtntype":"GSTR1","retPrd":"082023","arn":"AA070823471487R","status":"Filed"},{"valid":"Y","isDelay":false,"dueDt":"2023-10-20","mof":"ONLINE","delayDays":0,"dof":"20-10-2023","rtntype":"GSTR3B","retPrd":"092023","arn":"AB0709231637220","status":"Filed"},{"valid":"Y","isDelay":false,"dueDt":"2023-10-11","mof":"ONLINE","delayDays":0,"dof":"11-10-2023","rtntype":"GSTR1","retPrd":"092023","arn":"AA0709235213268","status":"Filed"},{"valid":"Y","isDelay":false,"dueDt":"2023-11-20","mof":"ONLINE","delayDays":0,"dof":"20-11-2023","rtntype":"GSTR3B","retPrd":"102023","arn":"AA071023869973V","status":"Filed"},{"valid":"Y","isDelay":false,"dueDt":"2023-11-11","mof":"ONLINE","delayDays":0,"dof":"11-11-2023","rtntype":"GSTR1","retPrd":"102023","arn":"AA071023487215D","status":"Filed"},{"valid":"Y","isDelay":false,"dueDt":"2023-12-11","mof":"ONLINE","delayDays":0,"dof":"11-12-2023","rtntype":"GSTR1","retPrd":"112023","arn":"AA071123466491C","status":"Filed"}],"filingFrequency":[{"startPeriod":"042023","endPeriod":"062023","frequency":"Monthly","quarter":"Q1"},{"startPeriod":"072023","endPeriod":"092023","frequency":"Monthly","quarter":"Q2"},{"startPeriod":"102023","endPeriod":"122023","frequency":"Monthly","quarter":"Q3"},{"startPeriod":"012024","endPeriod":"032024","frequency":"Monthly","quarter":"Q4"}]}],"complianceStatus":{"isDefaulter":false,"isAnyDelay":true},"gstin":"07AAECP7093F1Z8"},"requestId":"75fc508f-eeda-4f87-ad9b-29dcbb9a211a","statusCode":101}