{"result":{"result":[{"financialYear":"2020-21","eFiledlist":[{"valid":"Y","isDelay":false,"dueDt":"2021-02-20","mof":"ONLINE","delayDays":0,"dof":"19-02-2021","rtntype":"GSTR3B","retPrd":"012021","arn":"AA270121878520E","status":"Filed"},{"valid":"Y","isDelay":false,"dueDt":"2021-02-11","mof":"ONLINE","delayDays":0,"dof":"11-02-2021","rtntype":"GSTR1","retPrd":"012021","arn":"AA270121561395D","status":"Filed"},{"valid":"Y","isDelay":false,"dueDt":"2021-03-20","mof":"ONLINE","delayDays":0,"dof":"20-03-2021","rtntype":"GSTR3B","retPrd":"022021","arn":"AB270221078102O","status":"Filed"},{"valid":"Y","isDelay":false,"dueDt":"2021-03-11","mof":"ONLINE","delayDays":0,"dof":"10-03-2021","rtntype":"GSTR1","retPrd":"022021","arn":"AA270221465424F","status":"Filed"},{"isDelay":null,"dueDt":null,"mof":"ONLINE","delayDays":null,"dof":"25-02-2022","rtntype":"GSTR9C","retPrd":"032021","arn":"AD270321243119C","status":"Filed"},{"isDelay":null,"dueDt":null,"mof":"ONLINE","delayDays":null,"dof":"25-02-2022","rtntype":"GSTR9","retPrd":"032021","arn":"AD2703212277281","status":"Filed"},{"valid":"Y","isDelay":false,"dueDt":"2021-04-20","mof":"ONLINE","delayDays":0,"dof":"20-04-2021","rtntype":"GSTR3B","retPrd":"032021","arn":"AB270321663845Z","status":"Filed"},{"valid":"Y","isDelay":false,"dueDt":"2021-04-11","mof":"ONLINE","delayDays":0,"dof":"09-04-2021","rtntype":"GSTR1","retPrd":"032021","arn":"AA270321550635C","status":"Filed"}],"filingFrequency":[{"startPeriod":"042020","endPeriod":"062020","frequency":"Monthly","quarter":"Q1"},{"startPeriod":"072020","endPeriod":"092020","frequency":"Monthly","quarter":"Q2"},{"startPeriod":"102020","endPeriod":"122020","frequency":"Monthly","quarter":"Q3"},{"startPeriod":"012021","endPeriod":"032021","frequency":"Monthly","quarter":"Q4"}]},{"financialYear":"2021-22","eFiledlist":[{"valid":"Y","isDelay":true,"dueDt":"2021-05-20","mof":"ONLINE","delayDays":4,"dof":"24-05-2021","rtntype":"GSTR3B","retPrd":"042021","arn":"AA270421762999K","status":"Filed"},{"valid":"Y","isDelay":false,"dueDt":"2021-05-26","mof":"ONLINE","delayDays":0,"dof":"24-05-2021","rtntype":"GSTR1","retPrd":"042021","arn":"AA270421797609O","status":"Filed"},{"valid":"Y","isDelay":false,"dueDt":"2021-06-20","mof":"ONLINE","delayDays":0,"dof":"19-06-2021","rtntype":"GSTR3B","retPrd":"052021","arn":"AA270521560671A","status":"Filed"},{"valid":"Y","isDelay":false,"dueDt":"2021-06-26","mof":"ONLINE","delayDays":0,"dof":"11-06-2021","rtntype":"GSTR1","retPrd":"052021","arn":"AA270521302097K","status":"Filed"},{"valid":"Y","isDelay":false,"dueDt":"2021-07-20","mof":"ONLINE","delayDays":0,"dof":"20-07-2021","rtntype":"GSTR3B","retPrd":"062021","arn":"AB2706214416265","status":"Filed"},{"valid":"Y","isDelay":false,"dueDt":"2021-07-11","mof":"ONLINE","delayDays":0,"dof":"10-07-2021","rtntype":"GSTR1","retPrd":"062021","arn":"AA2706214361868","status":"Filed"},{"valid":"Y","isDelay":false,"dueDt":"2021-08-20","mof":"ONLINE","delayDays":0,"dof":"19-08-2021","rtntype":"GSTR3B","retPrd":"072021","arn":"AB2707210756217","status":"Filed"},{"valid":"Y","isDelay":false,"dueDt":"2021-08-11","mof":"ONLINE","delayDays":0,"dof":"11-08-2021","rtntype":"GSTR1","retPrd":"072021","arn":"AA270721541382C","status":"Filed"},{"valid":"Y","isDelay":false,"dueDt":"2021-09-20","mof":"ONLINE","delayDays":0,"dof":"18-09-2021","rtntype":"GSTR3B","retPrd":"082021","arn":"AB270821113521K","status":"Filed"},{"valid":"Y","isDelay":false,"dueDt":"2021-09-11","mof":"ONLINE","delayDays":0,"dof":"09-09-2021","rtntype":"GSTR1","retPrd":"082021","arn":"AA2708214770370","status":"Filed"},{"valid":"Y","isDelay":false,"dueDt":"2021-10-20","mof":"ONLINE","delayDays":0,"dof":"19-10-2021","rtntype":"GSTR3B","retPrd":"092021","arn":"AB270921758117W","status":"Filed"},{"valid":"Y","isDelay":false,"dueDt":"2021-10-11","mof":"ONLINE","delayDays":0,"dof":"11-10-2021","rtntype":"GSTR1","retPrd":"092021","arn":"AA270921874804Q","status":"Filed"},{"valid":"Y","isDelay":false,"dueDt":"2021-11-20","mof":"ONLINE","delayDays":0,"dof":"18-11-2021","rtntype":"GSTR3B","retPrd":"102021","arn":"AB271021117270Y","status":"Filed"},{"valid":"Y","isDelay":false,"dueDt":"2021-11-11","mof":"ONLINE","delayDays":0,"dof":"10-11-2021","rtntype":"GSTR1","retPrd":"102021","arn":"AA271021534424O","status":"Filed"},{"valid":"Y","isDelay":false,"dueDt":"2021-12-20","mof":"ONLINE","delayDays":0,"dof":"20-12-2021","rtntype":"GSTR3B","retPrd":"112021","arn":"AB271121213707I","status":"Filed"},{"valid":"Y","isDelay":false,"dueDt":"2021-12-11","mof":"ONLINE","delayDays":0,"dof":"11-12-2021","rtntype":"GSTR1","retPrd":"112021","arn":"AA271121502349K","status":"Filed"},{"valid":"Y","isDelay":false,"dueDt":"2022-01-20","mof":"ONLINE","delayDays":0,"dof":"20-01-2022","rtntype":"GSTR3B","retPrd":"122021","arn":"AB271221922580I","status":"Filed"},{"valid":"Y","isDelay":false,"dueDt":"2022-01-11","mof":"ONLINE","delayDays":0,"dof":"11-01-2022","rtntype":"GSTR1","retPrd":"122021","arn":"AA271221840466B","status":"Filed"},{"valid":"Y","isDelay":false,"dueDt":"2022-02-20","mof":"ONLINE","delayDays":0,"dof":"20-02-2022","rtntype":"GSTR3B","retPrd":"012022","arn":"AB270122435986Z","status":"Filed"},{"valid":"Y","isDelay":false,"dueDt":"2022-02-11","mof":"ONLINE","delayDays":0,"dof":"11-02-2022","rtntype":"GSTR1","retPrd":"012022","arn":"AA270122645512K","status":"Filed"},{"valid":"Y","isDelay":false,"dueDt":"2022-03-20","mof":"ONLINE","delayDays":0,"dof":"19-03-2022","rtntype":"GSTR3B","retPrd":"022022","arn":"AB270222239023P","status":"Filed"},{"valid":"Y","isDelay":false,"dueDt":"2022-03-11","mof":"ONLINE","delayDays":0,"dof":"11-03-2022","rtntype":"GSTR1","retPrd":"022022","arn":"AA270222764008D","status":"Filed"},{"isDelay":null,"dueDt":null,"mof":"ONLINE","delayDays":null,"dof":"31-12-2022","rtntype":"GSTR9","retPrd":"032022","arn":"AD270322538778O","status":"Filed"},{"isDelay":null,"dueDt":null,"mof":"ONLINE","delayDays":null,"dof":"31-12-2022","rtntype":"GSTR9C","retPrd":"032022","arn":"AD270322539577T","status":"Filed"},{"valid":"Y","isDelay":false,"dueDt":"2022-04-20","mof":"ONLINE","delayDays":0,"dof":"20-04-2022","rtntype":"GSTR3B","retPrd":"032022","arn":"AB270322891827P","status":"Filed"},{"valid":"Y","isDelay":false,"dueDt":"2022-04-11","mof":"ONLINE","delayDays":0,"dof":"11-04-2022","rtntype":"GSTR1","retPrd":"032022","arn":"AA270322897718M","status":"Filed"}],"filingFrequency":[{"startPeriod":"042021","endPeriod":"062021","frequency":"Monthly","quarter":"Q1"},{"startPeriod":"072021","endPeriod":"092021","frequency":"Monthly","quarter":"Q2"},{"startPeriod":"102021","endPeriod":"122021","frequency":"Monthly","quarter":"Q3"},{"startPeriod":"012022","endPeriod":"032022","frequency":"Monthly","quarter":"Q4"}]},{"financialYear":"2022-23","eFiledlist":[{"valid":"Y","isDelay":false,"dueDt":"2022-05-24","mof":"ONLINE","delayDays":0,"dof":"24-05-2022","rtntype":"GSTR3B","retPrd":"042022","arn":"AB270422472081G","status":"Filed"},{"valid":"Y","isDelay":false,"dueDt":"2022-05-11","mof":"ONLINE","delayDays":0,"dof":"11-05-2022","rtntype":"GSTR1","retPrd":"042022","arn":"AA2704228129363","status":"Filed"},{"valid":"Y","isDelay":false,"dueDt":"2022-06-20","mof":"ONLINE","delayDays":0,"dof":"20-06-2022","rtntype":"GSTR3B","retPrd":"052022","arn":"AB270522205654C","status":"Filed"},{"valid":"Y","isDelay":false,"dueDt":"2022-06-11","mof":"ONLINE","delayDays":0,"dof":"10-06-2022","rtntype":"GSTR1","retPrd":"052022","arn":"AA270522669690Y","status":"Filed"},{"valid":"Y","isDelay":false,"dueDt":"2022-07-20","mof":"ONLINE","delayDays":0,"dof":"20-07-2022","rtntype":"GSTR3B","retPrd":"062022","arn":"AB270622991733R","status":"Filed"},{"valid":"Y","isDelay":false,"dueDt":"2022-07-11","mof":"ONLINE","delayDays":0,"dof":"11-07-2022","rtntype":"GSTR1","retPrd":"062022","arn":"AA270622898517L","status":"Filed"},{"valid":"Y","isDelay":false,"dueDt":"2022-08-20","mof":"ONLINE","delayDays":0,"dof":"19-08-2022","rtntype":"GSTR3B","retPrd":"072022","arn":"AB2707223455707","status":"Filed"},{"valid":"Y","isDelay":false,"dueDt":"2022-08-11","mof":"ONLINE","delayDays":0,"dof":"11-08-2022","rtntype":"GSTR1","retPrd":"072022","arn":"AA2707228176805","status":"Filed"},{"valid":"Y","isDelay":false,"dueDt":"2022-09-20","mof":"ONLINE","delayDays":0,"dof":"20-09-2022","rtntype":"GSTR3B","retPrd":"082022","arn":"AB270822316667V","status":"Filed"},{"valid":"Y","isDelay":false,"dueDt":"2022-09-11","mof":"ONLINE","delayDays":0,"dof":"10-09-2022","rtntype":"GSTR1","retPrd":"082022","arn":"AA270822545774T","status":"Filed"},{"valid":"Y","isDelay":false,"dueDt":"2022-10-20","mof":"ONLINE","delayDays":0,"dof":"19-10-2022","rtntype":"GSTR3B","retPrd":"092022","arn":"AB270922957450X","status":"Filed"},{"valid":"Y","isDelay":false,"dueDt":"2022-10-11","mof":"ONLINE","delayDays":0,"dof":"11-10-2022","rtntype":"GSTR1","retPrd":"092022","arn":"AA2709229149302","status":"Filed"},{"valid":"Y","isDelay":false,"dueDt":"2022-11-20","mof":"ONLINE","delayDays":0,"dof":"18-11-2022","rtntype":"GSTR3B","retPrd":"102022","arn":"AB271022336135N","status":"Filed"},{"valid":"Y","isDelay":false,"dueDt":"2022-11-11","mof":"ONLINE","delayDays":0,"dof":"10-11-2022","rtntype":"GSTR1","retPrd":"102022","arn":"AA271022667292D","status":"Filed"},{"valid":"Y","isDelay":false,"dueDt":"2022-12-20","mof":"ONLINE","delayDays":0,"dof":"20-12-2022","rtntype":"GSTR3B","retPrd":"112022","arn":"AB2711225435394","status":"Filed"},{"valid":"Y","isDelay":false,"dueDt":"2022-12-11","mof":"ONLINE","delayDays":0,"dof":"10-12-2022","rtntype":"GSTR1","retPrd":"112022","arn":"AA2711227476554","status":"Filed"},{"valid":"Y","isDelay":false,"dueDt":"2023-01-20","mof":"ONLINE","delayDays":0,"dof":"20-01-2023","rtntype":"GSTR3B","retPrd":"122022","arn":"AC271222241751F","status":"Filed"},{"valid":"Y","isDelay":false,"dueDt":"2023-01-11","mof":"ONLINE","delayDays":0,"dof":"11-01-2023","rtntype":"GSTR1","retPrd":"122022","arn":"AB271222006033Y","status":"Filed"},{"valid":"Y","isDelay":false,"dueDt":"2023-02-20","mof":"ONLINE","delayDays":0,"dof":"20-02-2023","rtntype":"GSTR3B","retPrd":"012023","arn":"AB270123712551M","status":"Filed"},{"valid":"Y","isDelay":false,"dueDt":"2023-02-11","mof":"ONLINE","delayDays":0,"dof":"10-02-2023","rtntype":"GSTR1","retPrd":"012023","arn":"AA270123852552D","status":"Filed"},{"valid":"Y","isDelay":false,"dueDt":"2023-03-20","mof":"ONLINE","delayDays":0,"dof":"20-03-2023","rtntype":"GSTR3B","retPrd":"022023","arn":"AB2702236607808","status":"Filed"},{"valid":"Y","isDelay":false,"dueDt":"2023-03-11","mof":"ONLINE","delayDays":0,"dof":"10-03-2023","rtntype":"GSTR1","retPrd":"022023","arn":"AA2702236812459","status":"Filed"},{"valid":"Y","isDelay":false,"dueDt":"2023-04-20","mof":"ONLINE","delayDays":0,"dof":"20-04-2023","rtntype":"GSTR3B","retPrd":"032023","arn":"AC270323027326D","status":"Filed"},{"valid":"Y","isDelay":false,"dueDt":"2023-04-11","mof":"ONLINE","delayDays":0,"dof":"11-04-2023","rtntype":"GSTR1","retPrd":"032023","arn":"AA270323870894T","status":"Filed"}],"filingFrequency":[{"startPeriod":"042022","endPeriod":"062022","frequency":"Monthly","quarter":"Q1"},{"startPeriod":"072022","endPeriod":"092022","frequency":"Monthly","quarter":"Q2"},{"startPeriod":"102022","endPeriod":"122022","frequency":"Monthly","quarter":"Q3"},{"startPeriod":"012023","endPeriod":"032023","frequency":"Monthly","quarter":"Q4"}]},{"financialYear":"2023-24","eFiledlist":[{"valid":"Y","isDelay":false,"dueDt":"2023-05-20","mof":"ONLINE","delayDays":0,"dof":"19-05-2023","rtntype":"GSTR3B","retPrd":"042023","arn":"AB270423500682F","status":"Filed"},{"valid":"Y","isDelay":false,"dueDt":"2023-05-11","mof":"ONLINE","delayDays":0,"dof":"11-05-2023","rtntype":"GSTR1","retPrd":"042023","arn":"AA2704238622646","status":"Filed"},{"valid":"Y","isDelay":false,"dueDt":"2023-06-20","mof":"ONLINE","delayDays":0,"dof":"20-06-2023","rtntype":"GSTR3B","retPrd":"052023","arn":"AB2705236942331","status":"Filed"},{"valid":"Y","isDelay":false,"dueDt":"2023-06-11","mof":"ONLINE","delayDays":0,"dof":"09-06-2023","rtntype":"GSTR1","retPrd":"052023","arn":"AA2705236413293","status":"Filed"},{"valid":"Y","isDelay":false,"dueDt":"2023-07-20","mof":"ONLINE","delayDays":0,"dof":"20-07-2023","rtntype":"GSTR3B","retPrd":"062023","arn":"AC2706232504818","status":"Filed"},{"valid":"Y","isDelay":false,"dueDt":"2023-07-11","mof":"ONLINE","delayDays":0,"dof":"11-07-2023","rtntype":"GSTR1","retPrd":"062023","arn":"AA270623889683J","status":"Filed"},{"valid":"Y","isDelay":false,"dueDt":"2023-08-20","mof":"ONLINE","delayDays":0,"dof":"18-08-2023","rtntype":"GSTR3B","retPrd":"072023","arn":"AB2707234075346","status":"Filed"},{"valid":"Y","isDelay":false,"dueDt":"2023-08-11","mof":"ONLINE","delayDays":0,"dof":"10-08-2023","rtntype":"GSTR1","retPrd":"072023","arn":"AA270723679640V","status":"Filed"},{"valid":"Y","isDelay":false,"dueDt":"2023-09-20","mof":"ONLINE","delayDays":0,"dof":"20-09-2023","rtntype":"GSTR3B","retPrd":"082023","arn":"AB270823585696D","status":"Filed"},{"valid":"Y","isDelay":false,"dueDt":"2023-09-11","mof":"ONLINE","delayDays":0,"dof":"11-09-2023","rtntype":"GSTR1","retPrd":"082023","arn":"AA270823882770R","status":"Filed"},{"valid":"Y","isDelay":false,"dueDt":"2023-10-20","mof":"ONLINE","delayDays":0,"dof":"20-10-2023","rtntype":"GSTR3B","retPrd":"092023","arn":"AC270923219307Z","status":"Filed"},{"valid":"Y","isDelay":false,"dueDt":"2023-10-11","mof":"ONLINE","delayDays":0,"dof":"11-10-2023","rtntype":"GSTR1","retPrd":"092023","arn":"AA270923962504V","status":"Filed"},{"valid":"Y","isDelay":false,"dueDt":"2023-11-20","mof":"ONLINE","delayDays":0,"dof":"20-11-2023","rtntype":"GSTR3B","retPrd":"102023","arn":"AB271023617919Z","status":"Filed"},{"valid":"Y","isDelay":false,"dueDt":"2023-11-11","mof":"ONLINE","delayDays":0,"dof":"11-11-2023","rtntype":"GSTR1","retPrd":"102023","arn":"AA2710239635661","status":"Filed"},{"valid":"Y","isDelay":false,"dueDt":"2023-12-11","mof":"ONLINE","delayDays":0,"dof":"11-12-2023","rtntype":"GSTR1","retPrd":"112023","arn":"AA271123902626E","status":"Filed"}],"filingFrequency":[{"startPeriod":"042023","endPeriod":"062023","frequency":"Monthly","quarter":"Q1"},{"startPeriod":"072023","endPeriod":"092023","frequency":"Monthly","quarter":"Q2"},{"startPeriod":"102023","endPeriod":"122023","frequency":"Monthly","quarter":"Q3"},{"startPeriod":"012024","endPeriod":"032024","frequency":"Monthly","quarter":"Q4"}]}],"complianceStatus":{"isDefaulter":false,"isAnyDelay":true},"gstin":"27AAECP7093F1Z6"},"requestId":"f443e5bf-0cd4-474d-a9ec-38d9fed4845b","statusCode":101}